{
  "qpos": {
    "mean": [
      -0.075825996696949,
      -0.035219673067331314,
      1.09098219871521,
      3.076281785964966,
      -0.09618494659662247,
      -0.12614844739437103,
      0.018514731898903847,
      -0.019691102206707
    ],
    "std": [
      0.05547493323683739,
      0.08879482001066208,
      0.10596940666437149,
      0.06529106944799423,
      0.18890932202339172,
      0.15312470495700836,
      0.01682463102042675,
      0.01601271703839302
    ],
    "q01": [
      -0.20724767454564572,
      -0.2169107557401061,
      0.9117572243213654,
      2.8747639938354492,
      -0.6702271074771882,
      -0.49946777946949006,
      0.0013791698600631207,
      -0.039747935825865714
    ],
    "q99": [
      0.03606830362826585,
      0.06032362574785949,
      1.2593332638144492,
      3.20559469499588,
      0.29150558400154103,
      0.39226168606281286,
      0.03968030427698978,
      -0.0021482593675609674
    ]
  },
  "actions": {
    "mean": [
      0.09146950393915176,
      -0.15587392449378967,
      0.1322418600320816,
      -0.0043630353175103664,
      0.01868395134806633,
      -0.010460120625793934,
      0.1536947786808014
    ],
    "std": [
      0.26549920439720154,
      0.307447224855423,
      0.6383759379386902,
      0.03239800035953522,
      0.06509456783533096,
      0.03419089689850807,
      0.9881183505058289
    ],
    "q01": [
      -0.5816485551834106,
      -0.9188405354857445,
      -0.9375,
      -0.09765127940773964,
      -0.17687828726768495,
      -0.1114733534142375,
      -1.0
    ],
    "q99": [
      0.8993110718369484,
      0.2888244793057442,
      0.937125,
      0.09420236423909664,
      0.17670729126930235,
      0.08133878849595785,
      0.9996
    ]
  }
}